<?xml version="1.0" encoding="utf-8"?>
<TableLayout xmlns:android="http://schemas.android.com/apk/res/android"
    android:layout_width="match_parent"
    android:layout_height="match_parent">
    <TableRow>
        <TextView android:layout_width="wrap_content"
            android:layout_height="wrap_content"
            android:text="第一行第一列"/>
        <TextView android:layout_width="wrap_content"
            android:layout_height="wrap_content"
            android:text="第一行第二列"/>
    </TableRow>
    <TableRow>
        <TextView android:layout_width="wrap_content"
            android:layout_height="wrap_content"
            android:text="第二行第一列"/>
        <TextView android:layout_width="wrap_content"
            android:layout_height="wrap_content"
            android:text="第二行第二列"/>
    </TableRow>

</TableLayout>
